{
  "boundary_loss": 0.25398147106170654,
  "data_loss": 4.084635293111205e-05,
  "epoch": 100,
  "gamma_smoothness_loss": 0.0012367320014163852,
  "pde_loss": 0.1256096214056015,
  "total_loss": 0.12857027351856232
}
